"coeff","value"
"intercept",-0.0118538696336802
"slope",0.200287572166086
