"layer","value"
"atm",9684.54909
"low",3942.2074
"upp",5788.16387
