"param","value"
"heat_ocean",0.05748796
"lambda",1.36666666666667
"sigma1",0.37848906
"sigma2",0.36275881
